{
  "case": {
    "[\"Z\", 1, 4]": 9.561798420055254,
    "[\"Z\", 1, 1]": 9.561798420055254,
    "[\"Z\", 1, 2]": 9.561798420055254,
    "[\"Z\", 1, 3]": 9.561798420055254,
    "[\"Ja\", 2, 1]": 0.4735967722392407,
    "[\"Ja\", 2, 2]": 0.4735967722392407,
    "[\"Ja\", 2, 3]": 0.4735967722392407,
    "[\"Ja\", 2, 4]": 0.4735967722392407,
    "[\"H\", 4, 4]": 1.0062959403139065,
    "[\"H\", 4, 1]": 1.0062959403139065,
    "[\"H\", 4, 2]": 1.0062959403139065,
    "[\"H\", 4, 3]": 1.0062959403139065,
    "[\"Ja\", 4, 1]": 0.3797969315928864,
    "[\"Ja\", 4, 2]": 0.3797969315928864,
    "[\"Ja\", 4, 3]": 0.3797969315928864,
    "[\"Ja\", 4, 4]": 0.3797969315928864,
    "[\"Ub\", 3, 2]": 0.3174524324158039,
    "[\"Ub\", 3, 1]": 0.3174524324158039,
    "[\"Ub\", 3, 3]": 0.3174524324158039,
    "[\"Ub\", 3, 4]": 0.3174524324158039,
    "[\"Ra\", 1, 3]": 3.389482266432733,
    "[\"Ra\", 1, 1]": 3.389482266432733,
    "[\"Ra\", 1, 2]": 3.389482266432733,
    "[\"Ra\", 1, 4]": 3.389482266432733,
    "[\"Rb\", 2, 1]": 0.846074915673261,
    "[\"Rb\", 2, 2]": 0.846074915673261,
    "[\"Rb\", 2, 3]": 0.846074915673261,
    "[\"Rb\", 2, 4]": 0.846074915673261,
    "[\"H\", 3, 4]": 0.49127100449217975,
    "[\"H\", 3, 1]": 0.49127100449217975,
    "[\"H\", 3, 2]": 0.49127100449217975,
    "[\"H\", 3, 3]": 0.49127100449217975,
    "[\"Nb\", 2, 2]": 0.558542619882453,
    "[\"Nb\", 2, 1]": 0.558542619882453,
    "[\"Nb\", 2, 3]": 0.558542619882453,
    "[\"Nb\", 2, 4]": 0.558542619882453,
    "[\"Ab\", 1, 2]": 0.908485730437065,
    "[\"Ab\", 1, 1]": 0.908485730437065,
    "[\"Ab\", 1, 3]": 0.908485730437065,
    "[\"Ab\", 1, 4]": 0.908485730437065,
    "[\"Gb\", 1, 2]": 2.918721715629606,
    "[\"Gb\", 1, 1]": 2.918721715629606,
    "[\"Gb\", 1, 3]": 2.918721715629606,
    "[\"Gb\", 1, 4]": 2.918721715629606,
    "[\"F\", 3, 4]": 0.32401264766377524,
    "[\"F\", 3, 1]": 0.32401264766377524,
    "[\"F\", 3, 2]": 0.32401264766377524,
    "[\"F\", 3, 3]": 0.32401264766377524,
    "[\"Ra\", 3, 3]": 0.5697801015289718,
    "[\"Ra\", 3, 1]": 0.5697801015289718,
    "[\"Ra\", 3, 2]": 0.5697801015289718,
    "[\"Ra\", 3, 4]": 0.5697801015289718,
    "[\"F\", 2, 2]": 0.7336058951805557,
    "[\"F\", 2, 1]": 0.7336058951805557,
    "[\"F\", 2, 3]": 0.7336058951805557,
    "[\"F\", 2, 4]": 0.7336058951805557,
    "[\"Ja\", 1, 3]": 0.6013731983787651,
    "[\"Ja\", 1, 1]": 0.6013731983787651,
    "[\"Ja\", 1, 2]": 0.6013731983787651,
    "[\"Ja\", 1, 4]": 0.6013731983787651,
    "[\"Na\", 2, 2]": 0.38492172597873653,
    "[\"Na\", 2, 1]": 0.38492172597873653,
    "[\"Na\", 2, 3]": 0.38492172597873653,
    "[\"Na\", 2, 4]": 0.38492172597873653,
    "[\"F\", 4, 3]": 7.3247040316367915,
    "[\"F\", 4, 1]": 7.3247040316367915,
    "[\"F\", 4, 2]": 7.3247040316367915,
    "[\"F\", 4, 4]": 7.3247040316367915,
    "[\"Jb\", 1, 2]": 0.522801586114362,
    "[\"Jb\", 1, 1]": 0.522801586114362,
    "[\"Jb\", 1, 3]": 0.522801586114362,
    "[\"Jb\", 1, 4]": 0.522801586114362,
    "[\"E\", 1, 2]": 0.9822582289587367,
    "[\"E\", 1, 1]": 0.9822582289587367,
    "[\"E\", 1, 3]": 0.9822582289587367,
    "[\"E\", 1, 4]": 0.9822582289587367,
    "[\"Na\", 3, 4]": 0.4271611047259174,
    "[\"Na\", 3, 1]": 0.4271611047259174,
    "[\"Na\", 3, 2]": 0.4271611047259174,
    "[\"Na\", 3, 3]": 0.4271611047259174,
    "[\"Rb\", 1, 2]": 0.6046471288170032,
    "[\"Rb\", 1, 1]": 0.6046471288170032,
    "[\"Rb\", 1, 3]": 0.6046471288170032,
    "[\"Rb\", 1, 4]": 0.6046471288170032,
    "[\"Ab\", 4, 2]": 5.25642991065979,
    "[\"Ab\", 4, 1]": 5.25642991065979,
    "[\"Ab\", 4, 3]": 5.25642991065979,
    "[\"Ab\", 4, 4]": 5.25642991065979,
    "[\"Gc\", 4, 2]": 0.36095980366995817,
    "[\"Gc\", 4, 1]": 0.36095980366995817,
    "[\"Gc\", 4, 3]": 0.36095980366995817,
    "[\"Gc\", 4, 4]": 0.36095980366995817,
    "[\"Ga\", 4, 4]": 2.3501370047538277,
    "[\"Ga\", 4, 1]": 2.3501370047538277,
    "[\"Ga\", 4, 2]": 2.3501370047538277,
    "[\"Ga\", 4, 3]": 2.3501370047538277,
    "[\"Z\", 3, 4]": 4.6565085657762,
    "[\"Z\", 3, 1]": 4.6565085657762,
    "[\"Z\", 3, 2]": 4.6565085657762,
    "[\"Z\", 3, 3]": 4.6565085657762,
    "[\"Y\", 3, 4]": 10.0,
    "[\"Y\", 3, 1]": 10.0,
    "[\"Y\", 3, 2]": 10.0,
    "[\"Y\", 3, 3]": 10.0,
    "[\"V\", 4, 1]": 2.1370882233368076,
    "[\"V\", 4, 2]": 2.1370882233368076,
    "[\"V\", 4, 3]": 2.1370882233368076,
    "[\"V\", 4, 4]": 2.1370882233368076,
    "[\"Na\", 1, 1]": 0.8430737989547852,
    "[\"Na\", 1, 2]": 0.8430737989547852,
    "[\"Na\", 1, 3]": 0.8430737989547852,
    "[\"Na\", 1, 4]": 0.8430737989547852,
    "[\"Nb\", 4, 4]": 0.3824748469643273,
    "[\"Nb\", 4, 1]": 0.3824748469643273,
    "[\"Nb\", 4, 2]": 0.3824748469643273,
    "[\"Nb\", 4, 3]": 0.3824748469643273,
    "[\"Gc\", 3, 2]": 0.9984316448105655,
    "[\"Gc\", 3, 1]": 0.9984316448105655,
    "[\"Gc\", 3, 3]": 0.9984316448105655,
    "[\"Gc\", 3, 4]": 0.9984316448105655,
    "[\"V\", 2, 3]": 0.7000635507670503,
    "[\"V\", 2, 1]": 0.7000635507670503,
    "[\"V\", 2, 2]": 0.7000635507670503,
    "[\"V\", 2, 4]": 0.7000635507670503,
    "[\"Ub\", 4, 4]": 0.26108854537732373,
    "[\"Ub\", 4, 1]": 0.26108854537732373,
    "[\"Ub\", 4, 2]": 0.26108854537732373,
    "[\"Ub\", 4, 3]": 0.26108854537732373,
    "[\"Ga\", 2, 1]": 0.6134283600059955,
    "[\"Ga\", 2, 2]": 0.6134283600059955,
    "[\"Ga\", 2, 3]": 0.6134283600059955,
    "[\"Ga\", 2, 4]": 0.6134283600059955,
    "[\"Ub\", 1, 2]": 1.9101409452537181,
    "[\"Ub\", 1, 1]": 1.9101409452537181,
    "[\"Ub\", 1, 3]": 1.9101409452537181,
    "[\"Ub\", 1, 4]": 1.9101409452537181,
    "[\"Y\", 1, 4]": 0.37011028655712996,
    "[\"Y\", 1, 1]": 0.37011028655712996,
    "[\"Y\", 1, 2]": 0.37011028655712996,
    "[\"Y\", 1, 3]": 0.37011028655712996,
    "[\"Gd\", 4, 1]": 1.257283248244978,
    "[\"Gd\", 4, 2]": 1.257283248244978,
    "[\"Gd\", 4, 3]": 1.257283248244978,
    "[\"Gd\", 4, 4]": 1.257283248244978,
    "[\"Ab\", 3, 1]": 0.26791153830640724,
    "[\"Ab\", 3, 2]": 0.26791153830640724,
    "[\"Ab\", 3, 3]": 0.26791153830640724,
    "[\"Ab\", 3, 4]": 0.26791153830640724,
    "[\"Y\", 2, 4]": 3.8927165103605468,
    "[\"Y\", 2, 1]": 3.8927165103605468,
    "[\"Y\", 2, 2]": 3.8927165103605468,
    "[\"Y\", 2, 3]": 3.8927165103605468,
    "[\"Ua\", 4, 4]": 0.4317537482415754,
    "[\"Ua\", 4, 1]": 0.4317537482415754,
    "[\"Ua\", 4, 2]": 0.4317537482415754,
    "[\"Ua\", 4, 3]": 0.4317537482415754,
    "[\"Ja\", 3, 2]": 0.8138347861769963,
    "[\"Ja\", 3, 1]": 0.8138347861769963,
    "[\"Ja\", 3, 3]": 0.8138347861769963,
    "[\"Ja\", 3, 4]": 0.8138347861769963,
    "[\"Jb\", 2, 2]": 0.2687867227770677,
    "[\"Jb\", 2, 1]": 0.2687867227770677,
    "[\"Jb\", 2, 3]": 0.2687867227770677,
    "[\"Jb\", 2, 4]": 0.2687867227770677,
    "[\"Ua\", 1, 2]": 0.5884622900783087,
    "[\"Ua\", 1, 1]": 0.5884622900783087,
    "[\"Ua\", 1, 3]": 0.5884622900783087,
    "[\"Ua\", 1, 4]": 0.5884622900783087,
    "[\"Y\", 4, 1]": 1.0539130864582633,
    "[\"Y\", 4, 2]": 1.0539130864582633,
    "[\"Y\", 4, 3]": 1.0539130864582633,
    "[\"Y\", 4, 4]": 1.0539130864582633,
    "[\"Gb\", 3, 1]": 1.112349431695022,
    "[\"Gb\", 3, 2]": 1.112349431695022,
    "[\"Gb\", 3, 3]": 1.112349431695022,
    "[\"Gb\", 3, 4]": 1.112349431695022,
    "[\"Ua\", 2, 1]": 1.394702268129846,
    "[\"Ua\", 2, 2]": 1.394702268129846,
    "[\"Ua\", 2, 3]": 1.394702268129846,
    "[\"Ua\", 2, 4]": 1.394702268129846,
    "[\"E\", 3, 4]": 0.9567668430256016,
    "[\"E\", 3, 1]": 0.9567668430256016,
    "[\"E\", 3, 2]": 0.9567668430256016,
    "[\"E\", 3, 3]": 0.9567668430256016,
    "[\"Nb\", 3, 1]": 0.9093777843314736,
    "[\"Nb\", 3, 2]": 0.9093777843314736,
    "[\"Nb\", 3, 3]": 0.9093777843314736,
    "[\"Nb\", 3, 4]": 0.9093777843314736,
    "[\"Aa\", 3, 2]": 1.0010418828725167,
    "[\"Aa\", 3, 1]": 1.0010418828725167,
    "[\"Aa\", 3, 3]": 1.0010418828725167,
    "[\"Aa\", 3, 4]": 1.0010418828725167,
    "[\"Rb\", 4, 3]": 2.2999261844234016,
